{"cameraMode":{"drawMode":0,"name":"Shaded","section":"Shading Mode"},"sceneLighting":false,"audioPlay":false,"sceneViewState":{"showFog":false,"showMaterialUpdate":false,"showSkybox":true,"showFlares":false,"showImageEffects":false,"showParticleSystems":false},"in2DMode":false,"pivot":{"x":0.011795494705438614,"y":-0.049676693975925449,"z":-0.8002234101295471},"rotation":{"x":-0.055441729724407199,"y":0.620560348033905,"z":-0.04395947977900505,"w":-0.7810098528862},"size":4.039087295532227,"orthographic":false}